protein,pos,is_in_domain,has_mutation,mutation_count
EGFR,1,1,0,0
EGFR,2,1,0,0
EGFR,3,1,0,0
EGFR,4,1,0,0
EGFR,5,1,0,0
EGFR,6,1,0,0
EGFR,7,1,0,0
EGFR,8,1,0,0
EGFR,9,1,0,0
EGFR,10,1,0,0
EGFR,11,1,1,1
EGFR,12,1,0,0
EGFR,13,1,0,0
EGFR,14,1,0,0
EGFR,15,1,0,0
EGFR,16,1,0,0
EGFR,17,1,0,0
EGFR,18,1,0,0
EGFR,19,1,0,0
EGFR,20,1,0,0
EGFR,21,1,0,0
EGFR,22,1,0,0
EGFR,23,1,0,0
EGFR,24,1,0,0
EGFR,25,1,0,0
EGFR,26,1,0,0
EGFR,27,1,0,0
EGFR,28,1,0,0
EGFR,29,1,0,0
EGFR,30,1,0,0
EGFR,31,1,0,0
EGFR,32,1,0,0
EGFR,33,1,0,0
EGFR,34,1,0,0
EGFR,35,1,0,0
EGFR,36,1,0,0
EGFR,37,1,0,0
EGFR,38,1,0,0
EGFR,39,1,0,0
EGFR,40,1,0,0
EGFR,41,1,0,0
EGFR,42,1,0,0
EGFR,43,1,0,0
EGFR,44,1,0,0
EGFR,45,1,0,0
EGFR,46,1,0,0
EGFR,47,1,0,0
EGFR,48,1,0,0
EGFR,49,1,0,0
EGFR,50,1,0,0
EGFR,51,1,0,0
EGFR,52,1,0,0
EGFR,53,1,0,0
EGFR,54,1,0,0
EGFR,55,1,0,0
EGFR,56,1,0,0
EGFR,57,1,0,0
EGFR,58,1,0,0
EGFR,59,1,0,0
EGFR,60,1,0,0
EGFR,61,1,0,0
EGFR,62,1,1,1
EGFR,63,1,0,0
EGFR,64,1,0,0
EGFR,65,1,0,0
EGFR,66,1,0,0
EGFR,67,1,0,0
EGFR,68,1,0,0
EGFR,69,1,0,0
EGFR,70,1,0,0
EGFR,71,1,0,0
EGFR,72,1,0,0
EGFR,73,1,0,0
EGFR,74,1,0,0
EGFR,75,1,0,0
EGFR,76,1,0,0
EGFR,77,1,0,0
EGFR,78,1,0,0
EGFR,79,1,0,0
EGFR,80,1,0,0
EGFR,81,1,0,0
EGFR,82,1,0,0
EGFR,83,1,0,0
EGFR,84,1,0,0
EGFR,85,1,0,0
EGFR,86,1,0,0
EGFR,87,1,0,0
EGFR,88,1,0,0
EGFR,89,1,0,0
EGFR,90,1,0,0
EGFR,91,1,1,1
EGFR,92,1,0,0
EGFR,93,1,0,0
EGFR,94,1,0,0
EGFR,95,1,0,0
EGFR,96,1,0,0
EGFR,97,1,0,0
EGFR,98,1,0,0
EGFR,99,1,0,0
EGFR,100,1,0,0
EGFR,101,1,0,0
EGFR,102,1,0,0
EGFR,103,1,0,0
EGFR,104,1,0,0
EGFR,105,1,0,0
EGFR,106,1,0,0
EGFR,107,1,0,0
EGFR,108,1,0,0
EGFR,109,1,0,0
EGFR,110,1,0,0
EGFR,111,1,0,0
EGFR,112,1,0,0
EGFR,113,1,0,0
EGFR,114,1,0,0
EGFR,115,1,0,0
EGFR,116,1,0,0
EGFR,117,1,0,0
EGFR,118,1,0,0
EGFR,119,1,0,0
EGFR,120,1,0,0
EGFR,121,1,0,0
EGFR,122,1,0,0
EGFR,123,1,0,0
EGFR,124,1,0,0
EGFR,125,1,0,0
EGFR,126,1,0,0
EGFR,127,1,0,0
EGFR,128,1,0,0
EGFR,129,1,0,0
EGFR,130,1,0,0
EGFR,131,1,0,0
EGFR,132,1,0,0
EGFR,133,1,0,0
EGFR,134,1,0,0
EGFR,135,1,0,0
EGFR,136,1,0,0
EGFR,137,1,0,0
EGFR,138,1,0,0
EGFR,139,1,0,0
EGFR,140,1,0,0
EGFR,141,1,0,0
EGFR,142,1,0,0
EGFR,143,1,0,0
EGFR,144,1,0,0
EGFR,145,1,0,0
EGFR,146,1,0,0
EGFR,147,1,0,0
EGFR,148,1,0,0
EGFR,149,1,0,0
EGFR,150,1,0,0
EGFR,151,1,0,0
EGFR,152,1,0,0
EGFR,153,1,0,0
EGFR,154,1,0,0
EGFR,155,1,0,0
EGFR,156,1,0,0
EGFR,157,1,0,0
EGFR,158,1,0,0
EGFR,159,1,0,0
EGFR,160,1,0,0
EGFR,161,1,0,0
EGFR,162,1,0,0
EGFR,163,1,0,0
EGFR,164,1,0,0
EGFR,165,1,0,0
EGFR,166,1,0,0
EGFR,167,1,0,0
EGFR,168,1,0,0
EGFR,169,1,0,0
EGFR,170,1,0,0
EGFR,171,1,0,0
EGFR,172,1,0,0
EGFR,173,1,0,0
EGFR,174,1,0,0
EGFR,175,1,0,0
EGFR,176,1,0,0
EGFR,177,1,0,0
EGFR,178,1,0,0
EGFR,179,1,0,0
EGFR,180,1,0,0
EGFR,181,1,0,0
EGFR,182,1,0,0
EGFR,183,1,0,0
EGFR,184,1,0,0
EGFR,185,1,0,0
EGFR,186,1,0,0
EGFR,187,1,0,0
EGFR,188,1,0,0
EGFR,189,1,0,0
EGFR,190,1,0,0
EGFR,191,1,0,0
EGFR,192,1,0,0
EGFR,193,1,0,0
EGFR,194,1,0,0
EGFR,195,1,0,0
EGFR,196,1,0,0
EGFR,197,1,0,0
EGFR,198,1,0,0
EGFR,199,1,0,0
EGFR,200,1,0,0
EGFR,201,1,0,0
EGFR,202,1,0,0
EGFR,203,1,0,0
EGFR,204,1,0,0
EGFR,205,1,0,0
EGFR,206,1,0,0
EGFR,207,1,0,0
EGFR,208,1,0,0
EGFR,209,1,0,0
EGFR,210,1,1,1
EGFR,211,1,0,0
EGFR,212,1,0,0
EGFR,213,1,0,0
EGFR,214,1,0,0
EGFR,215,1,0,0
EGFR,216,1,0,0
EGFR,217,1,0,0
EGFR,218,1,0,0
EGFR,219,1,0,0
EGFR,220,1,0,0
EGFR,221,1,0,0
EGFR,222,1,1,1
EGFR,223,1,0,0
EGFR,224,1,0,0
EGFR,225,1,0,0
EGFR,226,1,0,0
EGFR,227,1,0,0
EGFR,228,1,0,0
EGFR,229,1,0,0
EGFR,230,1,0,0
EGFR,231,1,0,0
EGFR,232,1,0,0
EGFR,233,1,0,0
EGFR,234,1,0,0
EGFR,235,1,0,0
EGFR,236,1,0,0
EGFR,237,1,0,0
EGFR,238,1,0,0
EGFR,239,1,0,0
EGFR,240,1,0,0
EGFR,241,1,0,0
EGFR,242,1,0,0
EGFR,243,1,0,0
EGFR,244,1,0,0
EGFR,245,1,0,0
EGFR,246,1,0,0
EGFR,247,1,0,0
EGFR,248,1,0,0
EGFR,249,1,0,0
EGFR,250,1,0,0
EGFR,251,1,0,0
EGFR,252,1,0,0
EGFR,253,1,0,0
EGFR,254,1,0,0
EGFR,255,1,0,0
EGFR,256,1,0,0
EGFR,257,1,0,0
EGFR,258,1,0,0
EGFR,259,1,0,0
EGFR,260,1,0,0
EGFR,261,1,0,0
EGFR,262,1,0,0
EGFR,263,1,0,0
EGFR,264,1,0,0
EGFR,265,1,0,0
EGFR,266,1,0,0
EGFR,267,1,0,0
EGFR,268,1,0,0
EGFR,269,1,0,0
EGFR,270,1,0,0
EGFR,271,1,0,0
EGFR,272,1,0,0
EGFR,273,1,0,0
EGFR,274,1,0,0
EGFR,275,1,0,0
EGFR,276,1,0,0
EGFR,277,1,0,0
EGFR,278,1,0,0
EGFR,279,1,0,0
EGFR,280,1,0,0
EGFR,281,1,0,0
EGFR,282,1,0,0
EGFR,283,1,0,0
EGFR,284,1,0,0
EGFR,285,1,0,0
EGFR,286,1,0,0
EGFR,287,1,0,0
EGFR,288,1,0,0
EGFR,289,1,0,0
EGFR,290,1,0,0
EGFR,291,1,0,0
EGFR,292,1,0,0
EGFR,293,1,0,0
EGFR,294,1,0,0
EGFR,295,1,0,0
EGFR,296,1,0,0
EGFR,297,1,0,0
EGFR,298,1,0,0
EGFR,299,1,0,0
EGFR,300,1,1,1
EGFR,301,1,0,0
EGFR,302,1,0,0
EGFR,303,1,0,0
EGFR,304,1,0,0
EGFR,305,1,0,0
EGFR,306,1,0,0
EGFR,307,1,0,0
EGFR,308,1,0,0
EGFR,309,1,0,0
EGFR,310,1,0,0
EGFR,311,1,0,0
EGFR,312,1,0,0
EGFR,313,1,0,0
EGFR,314,1,0,0
EGFR,315,1,0,0
EGFR,316,1,0,0
EGFR,317,1,0,0
EGFR,318,1,0,0
EGFR,319,1,0,0
EGFR,320,1,0,0
EGFR,321,1,0,0
EGFR,322,1,0,0
EGFR,323,1,0,0
EGFR,324,1,0,0
EGFR,325,1,0,0
EGFR,326,1,0,0
EGFR,327,1,0,0
EGFR,328,1,0,0
EGFR,329,1,0,0
EGFR,330,1,0,0
EGFR,331,1,0,0
EGFR,332,1,0,0
EGFR,333,1,0,0
EGFR,334,1,0,0
EGFR,335,1,0,0
EGFR,336,1,0,0
EGFR,337,1,0,0
EGFR,338,1,0,0
EGFR,339,1,0,0
EGFR,340,1,0,0
EGFR,341,1,0,0
EGFR,342,1,0,0
EGFR,343,1,0,0
EGFR,344,1,0,0
EGFR,345,1,0,0
EGFR,346,1,0,0
EGFR,347,1,0,0
EGFR,348,1,0,0
EGFR,349,1,0,0
EGFR,350,1,0,0
EGFR,351,1,0,0
EGFR,352,1,0,0
EGFR,353,1,0,0
EGFR,354,1,0,0
EGFR,355,1,0,0
EGFR,356,1,0,0
EGFR,357,1,0,0
EGFR,358,1,0,0
EGFR,359,1,0,0
EGFR,360,1,0,0
EGFR,361,1,0,0
EGFR,362,1,0,0
EGFR,363,1,0,0
EGFR,364,1,0,0
EGFR,365,1,0,0
EGFR,366,1,0,0
EGFR,367,1,0,0
EGFR,368,1,0,0
EGFR,369,1,0,0
EGFR,370,1,0,0
EGFR,371,1,0,0
EGFR,372,1,0,0
EGFR,373,1,0,0
EGFR,374,1,0,0
EGFR,375,1,0,0
EGFR,376,1,0,0
EGFR,377,1,1,1
EGFR,378,1,0,0
EGFR,379,1,0,0
EGFR,380,1,0,0
EGFR,381,1,0,0
EGFR,382,1,0,0
EGFR,383,1,0,0
EGFR,384,1,0,0
EGFR,385,1,0,0
EGFR,386,1,0,0
EGFR,387,1,1,1
EGFR,388,1,0,0
EGFR,389,1,0,0
EGFR,390,1,0,0
EGFR,391,1,0,0
EGFR,392,1,0,0
EGFR,393,1,0,0
EGFR,394,1,0,0
EGFR,395,1,0,0
EGFR,396,1,0,0
EGFR,397,1,0,0
EGFR,398,1,0,0
EGFR,399,1,0,0
EGFR,400,1,0,0
EGFR,401,1,0,0
EGFR,402,1,0,0
EGFR,403,1,0,0
EGFR,404,1,0,0
EGFR,405,1,0,0
EGFR,406,1,0,0
EGFR,407,1,0,0
EGFR,408,1,0,0
EGFR,409,1,0,0
EGFR,410,1,0,0
EGFR,411,1,0,0
EGFR,412,1,0,0
EGFR,413,1,0,0
EGFR,414,1,0,0
EGFR,415,1,0,0
EGFR,416,1,0,0
EGFR,417,1,0,0
EGFR,418,1,0,0
EGFR,419,1,0,0
EGFR,420,1,0,0
EGFR,421,1,0,0
EGFR,422,1,0,0
EGFR,423,1,0,0
EGFR,424,1,0,0
EGFR,425,1,0,0
EGFR,426,1,0,0
EGFR,427,1,0,0
EGFR,428,1,0,0
EGFR,429,1,0,0
EGFR,430,1,0,0
EGFR,431,1,0,0
EGFR,432,1,1,1
EGFR,433,1,0,0
EGFR,434,1,0,0
EGFR,435,1,0,0
EGFR,436,1,0,0
EGFR,437,1,0,0
EGFR,438,1,0,0
EGFR,439,1,0,0
EGFR,440,1,0,0
EGFR,441,1,0,0
EGFR,442,1,0,0
EGFR,443,1,0,0
EGFR,444,1,0,0
EGFR,445,1,0,0
EGFR,446,1,0,0
EGFR,447,1,0,0
EGFR,448,1,0,0
EGFR,449,1,0,0
EGFR,450,1,0,0
EGFR,451,1,0,0
EGFR,452,1,0,0
EGFR,453,1,0,0
EGFR,454,1,0,0
EGFR,455,1,0,0
EGFR,456,1,0,0
EGFR,457,1,0,0
EGFR,458,1,0,0
EGFR,459,1,0,0
EGFR,460,1,0,0
EGFR,461,1,0,0
EGFR,462,1,0,0
EGFR,463,1,0,0
EGFR,464,1,0,0
EGFR,465,1,0,0
EGFR,466,1,0,0
EGFR,467,1,0,0
EGFR,468,1,0,0
EGFR,469,1,0,0
EGFR,470,1,0,0
EGFR,471,1,0,0
EGFR,472,1,0,0
EGFR,473,1,0,0
EGFR,474,1,0,0
EGFR,475,1,0,0
EGFR,476,1,0,0
EGFR,477,1,0,0
EGFR,478,1,0,0
EGFR,479,1,0,0
EGFR,480,1,0,0
EGFR,481,1,0,0
EGFR,482,1,0,0
EGFR,483,1,0,0
EGFR,484,1,0,0
EGFR,485,1,0,0
EGFR,486,1,1,1
EGFR,487,1,0,0
EGFR,488,1,0,0
EGFR,489,1,0,0
EGFR,490,1,0,0
EGFR,491,1,0,0
EGFR,492,1,0,0
EGFR,493,1,0,0
EGFR,494,1,0,0
EGFR,495,1,0,0
EGFR,496,1,0,0
EGFR,497,1,0,0
EGFR,498,1,0,0
EGFR,499,1,0,0
EGFR,500,1,0,0
EGFR,501,1,0,0
EGFR,502,1,0,0
EGFR,503,1,0,0
EGFR,504,1,0,0
EGFR,505,1,0,0
EGFR,506,1,0,0
EGFR,507,1,0,0
EGFR,508,1,0,0
EGFR,509,1,0,0
EGFR,510,1,0,0
EGFR,511,1,0,0
EGFR,512,1,0,0
EGFR,513,1,0,0
EGFR,514,1,0,0
EGFR,515,1,0,0
EGFR,516,1,0,0
EGFR,517,1,0,0
EGFR,518,1,0,0
EGFR,519,1,0,0
EGFR,520,1,0,0
EGFR,521,1,0,0
EGFR,522,1,0,0
EGFR,523,1,0,0
EGFR,524,1,0,0
EGFR,525,1,0,0
EGFR,526,1,0,0
EGFR,527,1,0,0
EGFR,528,1,0,0
EGFR,529,1,0,0
EGFR,530,1,0,0
EGFR,531,1,0,0
EGFR,532,1,0,0
EGFR,533,1,0,0
EGFR,534,1,0,0
EGFR,535,1,0,0
EGFR,536,1,0,0
EGFR,537,1,0,0
EGFR,538,1,0,0
EGFR,539,1,0,0
EGFR,540,1,0,0
EGFR,541,1,0,0
EGFR,542,1,0,0
EGFR,543,1,0,0
EGFR,544,1,0,0
EGFR,545,1,1,1
EGFR,546,1,0,0
EGFR,547,1,0,0
EGFR,548,1,0,0
EGFR,549,1,0,0
EGFR,550,1,0,0
EGFR,551,1,0,0
EGFR,552,1,0,0
EGFR,553,1,0,0
EGFR,554,1,0,0
EGFR,555,1,0,0
EGFR,556,1,0,0
EGFR,557,1,0,0
EGFR,558,1,0,0
EGFR,559,1,0,0
EGFR,560,1,0,0
EGFR,561,1,0,0
EGFR,562,1,0,0
EGFR,563,1,0,0
EGFR,564,1,0,0
EGFR,565,1,0,0
EGFR,566,1,0,0
EGFR,567,1,0,0
EGFR,568,1,0,0
EGFR,569,1,0,0
EGFR,570,1,0,0
EGFR,571,1,0,0
EGFR,572,1,0,0
EGFR,573,1,0,0
EGFR,574,1,0,0
EGFR,575,1,0,0
EGFR,576,1,0,0
EGFR,577,1,0,0
EGFR,578,1,0,0
EGFR,579,1,0,0
EGFR,580,1,0,0
EGFR,581,1,0,0
EGFR,582,1,0,0
EGFR,583,1,0,0
EGFR,584,1,0,0
EGFR,585,1,0,0
EGFR,586,1,0,0
EGFR,587,1,0,0
EGFR,588,1,0,0
EGFR,589,1,0,0
EGFR,590,1,0,0
EGFR,591,1,0,0
EGFR,592,1,0,0
EGFR,593,1,0,0
EGFR,594,1,0,0
EGFR,595,1,0,0
EGFR,596,1,0,0
EGFR,597,1,0,0
EGFR,598,1,0,0
EGFR,599,1,0,0
EGFR,600,1,0,0
EGFR,601,1,0,0
EGFR,602,1,0,0
EGFR,603,1,0,0
EGFR,604,1,0,0
EGFR,605,1,0,0
EGFR,606,1,0,0
EGFR,607,1,0,0
EGFR,608,1,0,0
EGFR,609,1,0,0
EGFR,610,1,0,0
EGFR,611,1,0,0
EGFR,612,1,0,0
EGFR,613,1,0,0
EGFR,614,1,0,0
EGFR,615,1,0,0
EGFR,616,1,0,0
EGFR,617,1,0,0
EGFR,618,1,0,0
EGFR,619,1,0,0
EGFR,620,1,0,0
EGFR,621,1,0,0
EGFR,622,1,0,0
EGFR,623,1,0,0
EGFR,624,1,0,0
EGFR,625,1,0,0
EGFR,626,1,0,0
EGFR,627,1,1,1
EGFR,628,1,0,0
EGFR,629,1,0,0
EGFR,630,1,0,0
EGFR,631,1,0,0
EGFR,632,1,0,0
EGFR,633,1,0,0
EGFR,634,1,0,0
EGFR,635,1,0,0
EGFR,636,1,0,0
EGFR,637,1,0,0
EGFR,638,1,0,0
EGFR,639,1,0,0
EGFR,640,1,0,0
EGFR,641,1,0,0
EGFR,642,1,0,0
EGFR,643,1,0,0
EGFR,644,1,0,0
EGFR,645,1,0,0
EGFR,646,1,0,0
EGFR,647,1,0,0
EGFR,648,1,0,0
EGFR,649,1,0,0
EGFR,650,1,0,0
EGFR,651,1,0,0
EGFR,652,1,0,0
EGFR,653,1,0,0
EGFR,654,1,0,0
EGFR,655,1,0,0
EGFR,656,1,0,0
EGFR,657,1,0,0
EGFR,658,1,0,0
EGFR,659,1,0,0
EGFR,660,1,0,0
EGFR,661,1,0,0
EGFR,662,1,0,0
EGFR,663,1,0,0
EGFR,664,1,0,0
EGFR,665,1,0,0
EGFR,666,1,0,0
EGFR,667,1,0,0
EGFR,668,1,0,0
EGFR,669,1,0,0
EGFR,670,1,0,0
EGFR,671,1,0,0
EGFR,672,1,0,0
EGFR,673,1,0,0
EGFR,674,1,0,0
EGFR,675,1,0,0
EGFR,676,1,0,0
EGFR,677,1,0,0
EGFR,678,1,0,0
EGFR,679,1,0,0
EGFR,680,1,0,0
EGFR,681,1,0,0
EGFR,682,1,0,0
EGFR,683,1,0,0
EGFR,684,1,0,0
EGFR,685,1,0,0
EGFR,686,1,0,0
EGFR,687,1,0,0
EGFR,688,1,0,0
EGFR,689,1,0,0
EGFR,690,1,0,0
EGFR,691,1,0,0
EGFR,692,1,0,0
EGFR,693,1,0,0
EGFR,694,1,0,0
EGFR,695,1,0,0
EGFR,696,1,0,0
EGFR,697,1,0,0
EGFR,698,1,0,0
EGFR,699,1,0,0
EGFR,700,1,0,0
EGFR,701,1,0,0
EGFR,702,1,0,0
EGFR,703,1,0,0
EGFR,704,1,0,0
EGFR,705,1,0,0
EGFR,706,1,0,0
EGFR,707,1,0,0
EGFR,708,1,0,0
EGFR,709,1,1,3
EGFR,710,1,1,3
EGFR,711,1,0,0
EGFR,712,1,0,0
EGFR,713,1,0,0
EGFR,714,1,0,0
EGFR,715,1,0,0
EGFR,716,1,0,0
EGFR,717,1,0,0
EGFR,718,1,0,0
EGFR,719,1,1,3
EGFR,720,1,0,0
EGFR,721,1,0,0
EGFR,722,1,0,0
EGFR,723,1,0,0
EGFR,724,1,0,0
EGFR,725,1,0,0
EGFR,726,1,0,0
EGFR,727,1,0,0
EGFR,728,1,0,0
EGFR,729,1,0,0
EGFR,730,1,0,0
EGFR,731,1,0,0
EGFR,732,1,0,0
EGFR,733,1,0,0
EGFR,734,1,0,0
EGFR,735,1,0,0
EGFR,736,1,0,0
EGFR,737,1,0,0
EGFR,738,1,0,0
EGFR,739,1,0,0
EGFR,740,1,0,0
EGFR,741,1,0,0
EGFR,742,1,0,0
EGFR,743,1,0,0
EGFR,744,1,0,0
EGFR,745,1,0,0
EGFR,746,1,1,15
EGFR,747,1,1,5
EGFR,748,1,0,0
EGFR,749,1,1,1
EGFR,750,1,1,17
EGFR,751,1,1,3
EGFR,752,1,0,0
EGFR,753,1,0,0
EGFR,754,1,1,3
EGFR,755,1,0,0
EGFR,756,1,0,0
EGFR,757,1,0,0
EGFR,758,1,0,0
EGFR,759,1,1,3
EGFR,760,1,0,0
EGFR,761,1,0,0
EGFR,762,1,0,0
EGFR,763,1,0,0
EGFR,764,1,0,0
EGFR,765,1,0,0
EGFR,766,1,0,0
EGFR,767,1,1,1
EGFR,768,1,1,2
EGFR,769,1,1,1
EGFR,770,1,0,0
EGFR,771,1,0,0
EGFR,772,1,0,0
EGFR,773,1,1,1
EGFR,774,1,0,0
EGFR,775,1,0,0
EGFR,776,1,0,0
EGFR,777,1,0,0
EGFR,778,1,0,0
EGFR,779,1,0,0
EGFR,780,1,0,0
EGFR,781,1,0,0
EGFR,782,1,0,0
EGFR,783,1,0,0
EGFR,784,1,0,0
EGFR,785,1,0,0
EGFR,786,1,0,0
EGFR,787,1,0,0
EGFR,788,1,0,0
EGFR,789,1,0,0
EGFR,790,1,1,2
EGFR,791,1,0,0
EGFR,792,1,0,0
EGFR,793,1,0,0
EGFR,794,1,0,0
EGFR,795,1,0,0
EGFR,796,1,0,0
EGFR,797,1,0,0
EGFR,798,1,0,0
EGFR,799,1,0,0
EGFR,800,1,0,0
EGFR,801,1,0,0
EGFR,802,1,0,0
EGFR,803,1,0,0
EGFR,804,1,0,0
EGFR,805,1,0,0
EGFR,806,1,0,0
EGFR,807,1,0,0
EGFR,808,1,0,0
EGFR,809,1,0,0
EGFR,810,1,0,0
EGFR,811,1,0,0
EGFR,812,1,0,0
EGFR,813,1,0,0
EGFR,814,1,0,0
EGFR,815,1,0,0
EGFR,816,1,0,0
EGFR,817,1,0,0
EGFR,818,1,0,0
EGFR,819,1,0,0
EGFR,820,1,0,0
EGFR,821,1,0,0
EGFR,822,1,0,0
EGFR,823,1,0,0
EGFR,824,1,0,0
EGFR,825,1,0,0
EGFR,826,1,0,0
EGFR,827,1,0,0
EGFR,828,1,0,0
EGFR,829,1,0,0
EGFR,830,1,0,0
EGFR,831,1,0,0
EGFR,832,1,0,0
EGFR,833,1,1,2
EGFR,834,1,0,0
EGFR,835,1,0,0
EGFR,836,1,0,0
EGFR,837,1,0,0
EGFR,838,1,0,0
EGFR,839,1,0,0
EGFR,840,1,0,0
EGFR,841,1,0,0
EGFR,842,1,0,0
EGFR,843,1,0,0
EGFR,844,1,0,0
EGFR,845,1,0,0
EGFR,846,1,0,0
EGFR,847,1,0,0
EGFR,848,1,0,0
EGFR,849,1,0,0
EGFR,850,1,0,0
EGFR,851,1,0,0
EGFR,852,1,0,0
EGFR,853,1,0,0
EGFR,854,1,0,0
EGFR,855,1,0,0
EGFR,856,1,0,0
EGFR,857,1,0,0
EGFR,858,1,1,21
EGFR,859,1,0,0
EGFR,860,1,0,0
EGFR,861,1,1,3
EGFR,862,1,0,0
EGFR,863,1,0,0
EGFR,864,1,0,0
EGFR,865,1,0,0
EGFR,866,1,1,1
EGFR,867,1,0,0
EGFR,868,1,0,0
EGFR,869,1,0,0
EGFR,870,1,0,0
EGFR,871,1,0,0
EGFR,872,1,0,0
EGFR,873,1,0,0
EGFR,874,1,0,0
EGFR,875,1,0,0
EGFR,876,1,0,0
EGFR,877,1,0,0
EGFR,878,1,0,0
EGFR,879,1,0,0
EGFR,880,1,0,0
EGFR,881,1,0,0
EGFR,882,1,0,0
EGFR,883,1,0,0
EGFR,884,1,0,0
EGFR,885,1,0,0
EGFR,886,1,0,0
EGFR,887,1,0,0
EGFR,888,1,0,0
EGFR,889,1,0,0
EGFR,890,1,0,0
EGFR,891,1,0,0
EGFR,892,1,0,0
EGFR,893,1,0,0
EGFR,894,1,0,0
EGFR,895,1,0,0
EGFR,896,1,0,0
EGFR,897,1,0,0
EGFR,898,1,0,0
EGFR,899,1,0,0
EGFR,900,1,0,0
EGFR,901,1,1,1
EGFR,902,1,0,0
EGFR,903,1,0,0
EGFR,904,1,0,0
EGFR,905,1,0,0
EGFR,906,1,0,0
EGFR,907,1,1,1
EGFR,908,1,0,0
EGFR,909,1,0,0
EGFR,910,1,0,0
EGFR,911,1,0,0
EGFR,912,1,0,0
EGFR,913,1,0,0
EGFR,914,1,0,0
EGFR,915,1,0,0
EGFR,916,1,0,0
EGFR,917,1,0,0
EGFR,918,1,0,0
EGFR,919,1,0,0
EGFR,920,1,0,0
EGFR,921,1,1,1
EGFR,922,1,0,0
EGFR,923,1,0,0
EGFR,924,1,0,0
EGFR,925,1,0,0
EGFR,926,1,0,0
EGFR,927,1,0,0
EGFR,928,1,0,0
EGFR,929,1,0,0
EGFR,930,1,0,0
EGFR,931,1,0,0
EGFR,932,1,0,0
EGFR,933,1,0,0
EGFR,934,1,0,0
EGFR,935,1,0,0
EGFR,936,1,0,0
EGFR,937,1,0,0
EGFR,938,1,0,0
EGFR,939,1,0,0
EGFR,940,1,0,0
EGFR,941,1,0,0
EGFR,942,1,0,0
EGFR,943,1,0,0
EGFR,944,1,0,0
EGFR,945,1,0,0
EGFR,946,1,0,0
EGFR,947,1,0,0
EGFR,948,1,0,0
EGFR,949,1,0,0
EGFR,950,1,0,0
EGFR,951,1,0,0
EGFR,952,1,0,0
EGFR,953,1,0,0
EGFR,954,1,0,0
EGFR,955,1,0,0
EGFR,956,1,0,0
EGFR,957,1,0,0
EGFR,958,1,0,0
EGFR,959,1,0,0
EGFR,960,1,0,0
EGFR,961,1,0,0
EGFR,962,1,0,0
EGFR,963,1,0,0
EGFR,964,1,0,0
EGFR,965,1,0,0
EGFR,966,1,0,0
EGFR,967,1,0,0
EGFR,968,1,0,0
EGFR,969,1,0,0
EGFR,970,1,0,0
EGFR,971,1,0,0
EGFR,972,1,0,0
EGFR,973,1,0,0
EGFR,974,1,0,0
EGFR,975,1,0,0
EGFR,976,1,0,0
EGFR,977,1,0,0
EGFR,978,1,0,0
EGFR,979,1,0,0
EGFR,980,1,0,0
EGFR,981,1,0,0
EGFR,982,1,0,0
EGFR,983,1,0,0
EGFR,984,1,0,0
EGFR,985,1,0,0
EGFR,986,1,0,0
EGFR,987,1,0,0
EGFR,988,1,0,0
EGFR,989,1,0,0
EGFR,990,1,0,0
EGFR,991,1,0,0
EGFR,992,1,0,0
EGFR,993,1,0,0
EGFR,994,1,0,0
EGFR,995,1,0,0
EGFR,996,1,0,0
EGFR,997,1,0,0
EGFR,998,1,0,0
EGFR,999,1,0,0
EGFR,1000,1,0,0
EGFR,1001,1,0,0
EGFR,1002,1,0,0
EGFR,1003,1,0,0
EGFR,1004,1,0,0
EGFR,1005,1,0,0
EGFR,1006,1,0,0
EGFR,1007,1,0,0
EGFR,1008,1,0,0
EGFR,1009,1,0,0
EGFR,1010,1,0,0
EGFR,1011,1,0,0
EGFR,1012,1,0,0
EGFR,1013,1,0,0
EGFR,1014,1,0,0
EGFR,1015,1,0,0
EGFR,1016,1,0,0
EGFR,1017,1,0,0
EGFR,1018,1,0,0
EGFR,1019,1,0,0
EGFR,1020,1,0,0
EGFR,1021,1,0,0
EGFR,1022,1,0,0
EGFR,1023,1,0,0
EGFR,1024,1,0,0
EGFR,1025,1,0,0
EGFR,1026,1,0,0
EGFR,1027,1,0,0
EGFR,1028,1,0,0
EGFR,1029,1,0,0
EGFR,1030,1,0,0
EGFR,1031,1,0,0
EGFR,1032,1,0,0
EGFR,1033,1,0,0
EGFR,1034,1,0,0
EGFR,1035,1,0,0
EGFR,1036,1,0,0
EGFR,1037,1,0,0
EGFR,1038,1,0,0
EGFR,1039,1,0,0
EGFR,1040,1,0,0
EGFR,1041,1,0,0
EGFR,1042,1,0,0
EGFR,1043,1,0,0
EGFR,1044,1,0,0
EGFR,1045,1,0,0
EGFR,1046,1,0,0
EGFR,1047,1,0,0
EGFR,1048,1,0,0
EGFR,1049,1,0,0
EGFR,1050,1,0,0
EGFR,1051,1,0,0
EGFR,1052,1,1,1
EGFR,1053,1,0,0
EGFR,1054,1,0,0
EGFR,1055,1,0,0
EGFR,1056,1,0,0
EGFR,1057,1,0,0
EGFR,1058,1,0,0
EGFR,1059,1,0,0
EGFR,1060,1,0,0
EGFR,1061,1,0,0
EGFR,1062,1,0,0
EGFR,1063,1,0,0
EGFR,1064,1,0,0
EGFR,1065,1,0,0
EGFR,1066,1,0,0
EGFR,1067,1,0,0
EGFR,1068,1,0,0
EGFR,1069,1,0,0
EGFR,1070,1,0,0
EGFR,1071,1,0,0
EGFR,1072,1,0,0
EGFR,1073,1,0,0
EGFR,1074,1,0,0
EGFR,1075,1,0,0
EGFR,1076,1,0,0
EGFR,1077,1,0,0
EGFR,1078,1,0,0
EGFR,1079,1,0,0
EGFR,1080,1,0,0
EGFR,1081,1,0,0
EGFR,1082,1,0,0
EGFR,1083,1,1,1
EGFR,1084,1,0,0
EGFR,1085,1,0,0
EGFR,1086,1,0,0
EGFR,1087,1,0,0
EGFR,1088,1,0,0
EGFR,1089,1,0,0
EGFR,1090,1,0,0
EGFR,1091,1,0,0
EGFR,1092,1,0,0
EGFR,1093,1,0,0
EGFR,1094,1,0,0
EGFR,1095,1,0,0
EGFR,1096,1,0,0
EGFR,1097,1,0,0
EGFR,1098,1,0,0
EGFR,1099,1,0,0
EGFR,1100,1,0,0
EGFR,1101,1,0,0
EGFR,1102,1,0,0
EGFR,1103,1,0,0
EGFR,1104,1,0,0
EGFR,1105,1,0,0
EGFR,1106,1,0,0
EGFR,1107,1,0,0
EGFR,1108,1,0,0
EGFR,1109,1,0,0
EGFR,1110,1,0,0
EGFR,1111,1,0,0
EGFR,1112,1,0,0
EGFR,1113,1,0,0
EGFR,1114,1,0,0
EGFR,1115,1,0,0
EGFR,1116,1,0,0
EGFR,1117,1,0,0
EGFR,1118,1,0,0
EGFR,1119,1,0,0
EGFR,1120,1,0,0
EGFR,1121,1,0,0
EGFR,1122,1,0,0
EGFR,1123,1,0,0
EGFR,1124,1,0,0
EGFR,1125,1,0,0
EGFR,1126,1,0,0
EGFR,1127,1,0,0
EGFR,1128,1,0,0
EGFR,1129,1,0,0
EGFR,1130,1,0,0
EGFR,1131,1,0,0
EGFR,1132,1,0,0
EGFR,1133,1,0,0
EGFR,1134,1,0,0
EGFR,1135,1,0,0
EGFR,1136,1,0,0
EGFR,1137,1,0,0
EGFR,1138,1,0,0
EGFR,1139,1,0,0
EGFR,1140,1,0,0
EGFR,1141,1,0,0
EGFR,1142,1,0,0
EGFR,1143,1,0,0
EGFR,1144,1,0,0
EGFR,1145,1,0,0
EGFR,1146,1,0,0
EGFR,1147,1,0,0
EGFR,1148,1,0,0
EGFR,1149,1,0,0
EGFR,1150,1,0,0
EGFR,1151,1,0,0
EGFR,1152,1,0,0
EGFR,1153,1,0,0
EGFR,1154,1,0,0
EGFR,1155,1,0,0
EGFR,1156,1,0,0
EGFR,1157,1,0,0
EGFR,1158,1,0,0
EGFR,1159,1,0,0
EGFR,1160,1,0,0
EGFR,1161,1,0,0
EGFR,1162,1,0,0
EGFR,1163,1,0,0
EGFR,1164,1,0,0
EGFR,1165,1,0,0
EGFR,1166,1,0,0
EGFR,1167,1,0,0
EGFR,1168,1,0,0
EGFR,1169,1,0,0
EGFR,1170,1,0,0
EGFR,1171,1,0,0
EGFR,1172,1,0,0
EGFR,1173,1,0,0
EGFR,1174,1,0,0
EGFR,1175,1,0,0
EGFR,1176,1,0,0
EGFR,1177,1,0,0
EGFR,1178,1,0,0
EGFR,1179,1,0,0
EGFR,1180,1,0,0
EGFR,1181,1,0,0
EGFR,1182,1,0,0
EGFR,1183,1,0,0
EGFR,1184,1,0,0
EGFR,1185,1,0,0
EGFR,1186,1,0,0
EGFR,1187,1,0,0
EGFR,1188,1,0,0
EGFR,1189,1,0,0
EGFR,1190,1,0,0
EGFR,1191,1,0,0
EGFR,1192,1,0,0
EGFR,1193,1,0,0
EGFR,1194,1,0,0
EGFR,1195,1,0,0
EGFR,1196,1,0,0
EGFR,1197,1,0,0
EGFR,1198,1,0,0
EGFR,1199,1,0,0
EGFR,1200,1,0,0
EGFR,1201,1,0,0
EGFR,1202,1,0,0
EGFR,1203,1,0,0
EGFR,1204,1,0,0
EGFR,1205,1,0,0
EGFR,1206,1,0,0
EGFR,1207,1,0,0
EGFR,1208,1,0,0
EGFR,1209,1,0,0
EGFR,1210,1,0,0
KRAS,1,0,0,0
KRAS,2,0,1,1
KRAS,3,0,0,0
KRAS,4,0,0,0
KRAS,5,0,0,0
KRAS,6,0,0,0
KRAS,7,0,0,0
KRAS,8,0,0,0
KRAS,9,0,0,0
KRAS,10,1,0,0
KRAS,11,1,0,0
KRAS,12,1,1,143
KRAS,13,1,1,9
KRAS,14,1,1,1
KRAS,15,0,0,0
KRAS,16,0,0,0
KRAS,17,0,0,0
KRAS,18,0,0,0
KRAS,19,0,1,3
KRAS,20,0,0,0
KRAS,21,0,0,0
KRAS,22,0,0,0
KRAS,23,0,0,0
KRAS,24,0,0,0
KRAS,25,0,0,0
KRAS,26,0,0,0
KRAS,27,0,0,0
KRAS,28,0,0,0
KRAS,29,0,0,0
KRAS,30,1,0,0
KRAS,31,1,0,0
KRAS,32,1,0,0
KRAS,33,1,1,1
KRAS,34,1,0,0
KRAS,35,1,0,0
KRAS,36,1,0,0
KRAS,37,1,0,0
KRAS,38,1,0,0
KRAS,39,1,0,0
KRAS,40,1,0,0
KRAS,41,0,0,0
KRAS,42,0,0,0
KRAS,43,0,0,0
KRAS,44,0,0,0
KRAS,45,0,0,0
KRAS,46,0,0,0
KRAS,47,0,0,0
KRAS,48,0,0,0
KRAS,49,0,0,0
KRAS,50,0,0,0
KRAS,51,0,0,0
KRAS,52,0,0,0
KRAS,53,0,0,0
KRAS,54,0,0,0
KRAS,55,0,0,0
KRAS,56,0,0,0
KRAS,57,0,0,0
KRAS,58,1,0,0
KRAS,59,1,0,0
KRAS,60,1,0,0
KRAS,61,1,1,3
KRAS,62,1,0,0
KRAS,63,1,0,0
KRAS,64,1,0,0
KRAS,65,1,0,0
KRAS,66,1,0,0
KRAS,67,1,0,0
KRAS,68,1,0,0
KRAS,69,1,0,0
KRAS,70,1,0,0
KRAS,71,1,0,0
KRAS,72,1,0,0
KRAS,73,0,0,0
KRAS,74,0,0,0
KRAS,75,0,0,0
KRAS,76,0,0,0
KRAS,77,0,0,0
KRAS,78,0,0,0
KRAS,79,0,0,0
KRAS,80,0,0,0
KRAS,81,0,0,0
KRAS,82,0,0,0
KRAS,83,0,0,0
KRAS,84,0,0,0
KRAS,85,0,0,0
KRAS,86,0,0,0
KRAS,87,0,0,0
KRAS,88,0,1,1
KRAS,89,0,0,0
KRAS,90,0,0,0
KRAS,91,0,0,0
KRAS,92,0,0,0
KRAS,93,0,0,0
KRAS,94,0,0,0
KRAS,95,0,0,0
KRAS,96,0,0,0
KRAS,97,0,0,0
KRAS,98,0,0,0
KRAS,99,0,0,0
KRAS,100,0,0,0
KRAS,101,0,0,0
KRAS,102,0,0,0
KRAS,103,0,0,0
KRAS,104,0,0,0
KRAS,105,0,0,0
KRAS,106,0,0,0
KRAS,107,0,0,0
KRAS,108,0,0,0
KRAS,109,0,0,0
KRAS,110,0,0,0
KRAS,111,0,0,0
KRAS,112,0,0,0
KRAS,113,0,0,0
KRAS,114,0,0,0
KRAS,115,0,0,0
KRAS,116,0,0,0
KRAS,117,0,0,0
KRAS,118,0,0,0
KRAS,119,0,0,0
KRAS,120,0,0,0
KRAS,121,0,0,0
KRAS,122,0,0,0
KRAS,123,0,0,0
KRAS,124,0,0,0
KRAS,125,0,0,0
KRAS,126,0,0,0
KRAS,127,0,0,0
KRAS,128,0,0,0
KRAS,129,0,0,0
KRAS,130,0,0,0
KRAS,131,0,0,0
KRAS,132,0,0,0
KRAS,133,0,0,0
KRAS,134,0,0,0
KRAS,135,0,0,0
KRAS,136,0,0,0
KRAS,137,0,0,0
KRAS,138,0,0,0
KRAS,139,0,0,0
KRAS,140,0,0,0
KRAS,141,0,0,0
KRAS,142,0,0,0
KRAS,143,0,0,0
KRAS,144,0,0,0
KRAS,145,0,0,0
KRAS,146,0,1,1
KRAS,147,0,0,0
KRAS,148,0,0,0
KRAS,149,0,0,0
KRAS,150,0,0,0
KRAS,151,0,0,0
KRAS,152,0,0,0
KRAS,153,0,0,0
KRAS,154,0,0,0
KRAS,155,0,0,0
KRAS,156,0,0,0
KRAS,157,0,0,0
KRAS,158,0,0,0
KRAS,159,0,0,0
KRAS,160,0,0,0
KRAS,161,0,0,0
KRAS,162,0,0,0
KRAS,163,0,0,0
KRAS,164,0,0,0
KRAS,165,0,0,0
KRAS,166,0,0,0
KRAS,167,0,0,0
KRAS,168,0,0,0
KRAS,169,0,0,0
KRAS,170,0,0,0
KRAS,171,0,0,0
KRAS,172,0,0,0
KRAS,173,0,0,0
KRAS,174,0,0,0
KRAS,175,0,0,0
KRAS,176,0,0,0
KRAS,177,0,0,0
KRAS,178,0,0,0
KRAS,179,0,0,0
KRAS,180,0,0,0
KRAS,181,0,0,0
KRAS,182,0,0,0
KRAS,183,0,0,0
KRAS,184,0,0,0
KRAS,185,1,0,0
KRAS,186,1,0,0
KRAS,187,1,0,0
KRAS,188,1,0,0
KRAS,189,0,0,0
